ID, x, y, age
1,67,51,64
4,7,86,30
6,48,42,16
7,19,37,80
8,10,71,94
12,13,25,82
13,57,27,85
14,55,62,77
16,7,30,70
17,91,9,36
19,80,74,59
21,54,92,53
22,71,19,16
24,67,29,28
26,35,52,44
27,92,4,4
29,88,18,46
30,44,52,7
31,47,93,12
33,4,42,34
35,41,80,3
36,13,60,1
38,46,33,99
41,16,20,67
44,89,16,87
46,39,60,98
47,32,48,13
48,72,69,95
49,88,69,7
50,23,30,34
53,68,69,70
55,9,82,6
57,48,7,60
58,32,54,69
60,77,47,38
62,51,88,69
63,6,1,55
64,68,7,60
66,50,81,65
67,32,6,20
70,31,52,70
71,80,78,80
72,68,14,90
80,62,13,29
81,92,77,9
85,38,13,38
86,77,42,31
87,44,71,27
91,51,29,6
93,19,90,33
94,5,4,99
96,19,0,80
99,44,86,27
100,79,80,2
103,45,96,88
107,77,20,69
108,12,92,46
110,9,37,13
111,17,9,4
112,24,68,26
113,100,93,37
121,23,19,55
122,78,79,28
123,41,92,88
124,5,28,67
126,20,97,87
127,11,40,41
131,97,86,84
132,86,11,15
133,83,30,78
142,32,20,34
145,69,87,32
147,83,46,27
148,77,26,26
149,0,27,68
151,44,71,60
152,91,16,34
153,79,28,55
154,33,70,22
155,12,30,80
156,79,22,71
158,57,71,5
159,94,7,71
161,94,56,71
163,87,72,57
164,15,29,79
166,43,73,81
167,84,67,89
169,18,39,27
170,47,54,94
173,48,27,23
175,6,56,36
176,43,94,35
179,77,19,57
183,93,33,44
190,37,3,47
191,3,37,78
196,8,88,50
197,2,92,12
198,9,36,7
201,100,65,50
202,91,59,11
204,57,88,98
205,12,1,90
210,40,85,90
211,79,14,29
213,46,38,70
215,82,93,20
216,24,98,91
217,22,60,39
219,65,29,40
222,63,88,14
223,75,17,89
224,20,82,60
226,13,31,65
228,89,40,51
231,77,29,34
234,100,1,43
235,4,8,11
237,55,48,90
238,5,48,75
239,69,18,2
241,21,88,53
248,88,29,43
249,28,19,51
252,28,78,36
255,29,54,28
257,16,90,78
259,36,35,47
265,45,44,9
266,62,14,62
267,84,8,70
269,81,97,96
270,38,26,36
273,72,51,27
275,20,0,85
278,88,1,3
280,79,52,55
281,78,80,36
286,21,92,44
287,40,1,26
288,95,45,64
289,56,43,43
291,79,77,59
292,90,91,68
293,51,24,96
294,0,52,7
295,67,63,43
296,55,76,90
300,100,63,40
301,45,84,88
303,86,59,81
305,80,53,6
306,91,18,19
309,64,17,34
310,2,28,29
311,48,60,10
312,1,61,41
315,4,21,10
316,10,39,36
317,2,54,74
319,22,99,28
320,93,20,69
321,81,79,80
324,9,49,68
325,16,84,69
328,36,77,25
329,29,34,43
331,87,95,95
332,82,71,74
333,50,84,25
337,19,82,33
339,49,43,16
341,88,46,12
342,98,53,59
345,36,66,11
347,73,54,77
349,76,13,37
350,92,50,77
351,36,37,38
352,75,5,100
356,34,7,19
357,61,53,15
361,67,15,95
365,33,52,60
366,15,1,77
367,87,85,52
368,79,93,75
369,37,80,11
370,99,55,52
376,94,59,73
381,40,29,11
382,96,85,81
383,80,81,10
384,20,45,89
389,0,38,77
390,52,88,62
391,31,43,57
393,48,98,12
395,79,79,80
396,95,46,23
397,73,5,10
398,10,69,30
400,82,0,21
401,29,86,28
403,36,25,70
404,84,49,79
405,76,17,35
406,26,9,40
409,93,56,25
410,61,38,50
411,89,21,14
412,5,79,95
414,70,98,49
415,6,30,17
416,97,18,64
417,0,4,28
418,23,3,71
420,36,50,43
422,4,40,84
424,21,35,3
425,62,20,5
429,22,73,32
431,82,7,69
433,17,42,80
434,88,23,28
435,48,19,35
436,21,78,37
437,14,26,98
438,50,5,22
439,91,22,3
441,46,68,26
443,75,71,71
444,70,19,10
445,25,48,47
449,42,3,74
450,54,66,80
451,1,9,89
453,92,51,24
456,4,84,63
458,49,100,93
459,34,92,43
461,19,62,63
464,7,20,54
465,40,19,20
466,17,77,81
468,14,28,50
469,83,85,75
471,93,20,92
472,52,76,2
474,96,100,39
476,92,80,36
480,10,27,3
484,36,44,57
486,59,90,15
488,60,25,79
489,39,100,66
491,64,50,3
493,31,70,92
494,90,2,67
496,66,18,53
